name,ticker,location,founded_status,segments,data_segments,data_maturity,stage_tags,headline,funding_line,key_facts,detail_sections_json,analyst_note,tableMaturityLabel,keyStagesAbbrev,currentVolumeNumber,currentVolumeUnit,currentVolumeNote,projectedVolumeNumber,projectedVolumeUnit,projectedVolumeNote,targetYear,currentVolumeSort,projectedVolumeSort,maturityColor
MP Materials Corp.,NYSE: MP,"Las Vegas, NV / Fort Worth, TX",Founded 2017 · Public,Upstream; Midstream; Downstream,upstream midstream downstream,commercial commissioning,Mining / Extraction; Beneficiation; Hydrometallurgy; Separation; REE Oxides; Reduction; Re-metal; Alloy & Powder; Magnet Manufacture,"Only active rare earth mine in the U.S. (Mountain Pass, CA). Commercial NdFeB sintered magnets first shipped from Fort Worth, TX in December 2025. Broke ground on a 10,000 MT/yr second magnet factory in Northlake, TX; commissioning slated to begin 2028.","$400M DoD preferred equity · ~$2B cash on hand · Customers: GM, Apple, DoD","Headquarters: Las Vegas, NV (corporate); Mountain Pass, CA (mine); Fort Worth, TX (magnetics) | Founded: 2017 (acquired Mountain Pass from Molycorp bankruptcy) | CEO: James H. Litinsky — Founder, Chairman & CEO | Q1 2026 Revenue: $90.65M from operations; $132.9M total including PPA income (up 28% QoQ) | NdPr Production: Record 917 MT NdPr oxide in Q1 2026 (up 63% YoY); 50,692 MT total REO in 2025 | Magnet Capacity: ~1,000 MT/yr at Independence (Fort Worth); 10X Northlake facility (10,000 MT/yr) broke ground 2026, commissioning slated to begin 2028","[{""heading"": ""Key Government Relationships"", ""items"": [""$400M DoD preferred equity investment (July 2025) \u2014 largest single US government equity stake in a rare earth company"", ""Decade-long NdPr price floor agreement with the DoD"", ""Defense Production Act (DPA) Title III support"", ""DFARS 252.225-7052 compliant \u2014 domestic feedstock from Mountain Pass""]}, {""heading"": ""Key Commercial Agreements"", ""items"": [""General Motors \u2014 long-term NdFeB magnet supply for EV traction motors"", ""Apple \u2014 $500M partnership for magnets from 100% recycled rare earth feedstock; shipments begin 2027"", ""eVAC Magnetics (Sumter, SC) \u2014 NdPr feedstock supply relationship""]}]",MP is the most vertically integrated and commercially advanced rare earth-to-magnet company in the U.S. Its Mountain Pass mine is a structural moat — no competitor can replicate a domestic REE mine in the near term. Primary risk: execution on the 10X Northlake scale-up.,Commercial / Commissioning,Mining; Separation; RE Oxides; Re-metal; Magnet Mfr,"~1,000",MT/yr NdFeB magnets (Fort Worth),917 MT NdPr oxide Q1 2026 (record),"~11,000",MT/yr magnets (Fort Worth + Northlake),"10,000 MT/yr Northlake plant broke ground 2026; commissioning slated to begin 2028",2028+,1000,11000,#34d399
"USA Rare Earth, Inc.",NASDAQ: USAR,"NY / Stillwater, OK / Hudspeth, TX / UK",Founded 2019 · Public,Upstream; Midstream; Downstream,upstream midstream downstream,commercial commissioning development,"Mining (Round Top TX); Hydrometallurgy (demo); Separation (LCM, UK); Alloy & Powder (LCM); Magnet Manufacture","Stillwater, OK magnet plant commenced Phase 1a commercial production March 2026 (~600 MT/yr). Acquired UK-based alloy producer LCM in late 2025. Full buildout revised to 10,000 MT/yr split across Stillwater (3,600 MT/yr) and a newly selected Cherokee County/Blacksburg, SC site (6,400 MT/yr, announced June 2, 2026).",~$1.75B cash · $1.6B DOC Title 17 loan pending · Serra Verde acq. ~$2.8B,"CEO: Pini Althaus — Founder & CEO | Magnet Capacity: ~600 MT/yr Phase 1a (Stillwater); full buildout now targeted at 10,000 MT/yr combined — 3,600 MT/yr at Stillwater + 6,400 MT/yr at a newly selected Cherokee County/Blacksburg, SC facility (announced June 2, 2026) | LCM (UK): Less Common Metals, Birkenhead UK — commercially producing NdFeB strip-cast alloy; acquired late 2025 | Serra Verde: Brazil heavy REE mine — only scaled producer of all 4 magnetic REEs (Nd, Pr, Dy, Tb) outside Asia; acquisition close targeted Q3 2026 | Round Top: Hudspeth County, TX — large deposit of heavy REEs (Dy, Tb, Ho) plus Li, Ga, Hf; development stage; drill program ongoing | Government: DOC Title 17 loan ~$1.6B (final documentation); White House-backed Serra Verde acquisition; DFARS-targeted production","[{""heading"": ""Supply Chain Partnerships"", ""items"": [""Arnold Magnetic Technologies \u2014 mutual supply & distribution agreement (March 2026) for NdFeB and SmCo products"", ""Solvay \u2014 rare earth materials sourcing agreement (via LCM)"", ""Serra Verde Group (Brazil, pending acquisition) \u2014 all-4-magnetic-REE feedstock""]}]","USAR's mine-to-magnet strategy is the most comprehensive of any US-listed company. The Serra Verde acquisition is the defining bet: if it closes, USAR becomes the only Western company with commercial-scale production of all four magnetic rare earths. Execution risk at Stillwater and Serra Verde close risk are the primary near-term variables.",Commercial / Commissioning,"Separation (LCM, UK); Alloy & Powder; Magnet Mfr; Mining (dev.)",~600,MT/yr NdFeB magnets (Phase 1a),"Stillwater, OK — commercial since March 2026","10,000",MT/yr magnets (Stillwater + Blacksburg SC combined),"3,600 MT/yr Stillwater + 6,400 MT/yr new Cherokee Co./Blacksburg, SC site (selected June 2, 2026)",2028+,600,10000,#34d399
eVAC Magnetics LLC,Private / VAC (DE),"Sumter, South Carolina",Opened 2025 · US subsidiary of Vacuumschmelze (Germany),Downstream,downstream,commissioning,Magnet Manufacture (NdFeB),"First NdFeB magnets for commercial sale in the U.S. in the 21st century shipped December 2025. Targeting 2,000 MT/yr by Q1 2026, scaling to 12,000 MT/yr by 2029. Feedstock from MP Materials (domestic) and Pensana/Angola (development).",$500M+ total investment · $111.9M QAEP tax credit · DPA Title III grant,"Parent Company: Vacuumschmelze GmbH & Co. KG (VAC), Hanau, Germany — 100+ year operating history in advanced magnetic materials | Executive Chairman: Troy Thacker (US operations) | Employees: ~300 in Sumter County, SC | Applications: Automotive EV motors, defense (radar/sonar), industrial automation, renewable energy | DFARS Positioning: US-manufactured product with qualifying feedstock; positioned for DFARS 252.225-7052 compliance (DoD deadline Jan 1, 2027) | Tax Credit: $111.9M Qualifying Advanced Energy Project (QAEP) Tax Credit (IRS Section 48C) — largest awarded to a US NdFeB magnet maker | Pending Ownership Change: Parent Vacuumschmelze's acquisition by Energy Fuels (NYSE: UUUU) was announced June 23, 2026; expected to close early 2027. Shifts ultimate strategic/capital authority from PE owner Ara Partners to a publicly traded US parent; VAC expected to retain its Hanau, Germany operational HQ.","[{""heading"": ""Supply Chain Partnerships"", ""items"": [""MP Materials (Mountain Pass, CA) \u2014 NdPr feedstock supply"", ""Pensana (UK/Angola) \u2014 MOU for MREC from Longonjo mine, Angola; 5-year offtake targeting 2,000 MT/yr scaling to 12,000 MT/yr by 2029; US EXIM Bank LOI up to $160M for Longonjo"", ""Ucore Rare Metals \u2014 strategic alliance for potential US-separated REO supply (Alaska feedstock)""]}]","eVAC brings world-class German NdFeB manufacturing technology to a US greenfield site. Its December 2025 first shipment was a genuine industry milestone. Primary feedstock risk: Pensana's Longonjo mine is not yet operational; full supply diversification beyond MP Materials is 2027+ at earliest. Watch the pending Energy Fuels acquisition of parent VAC (announced June 23, 2026) — it would create a combined US HREE-separation-to-magnet entity spanning Energy Fuels' White Mesa Mill and eVAC's Sumter, SC plant.",Commissioning,Magnet Mfr (NdFeB),"2,000",MT/yr NdFeB (target Q1 2026),First US NdFeB sale Dec 2025; ramp ongoing,"12,000",MT/yr NdFeB,"$500M+ total investment; $111.9M QAEP tax credit; parent VAC subject to pending acquisition by Energy Fuels (announced Jun 23, 2026; close early 2027)",2029,2000,12000,#60a5fa
"Noveon Magnetics, Inc.",Private,"San Marcos, Texas","Founded ~2012 (as Urban Mining Co.) · 145,000 sq ft facility",Downstream,downstream,commercial,End-of-Life Recycling; Alloy & Powder (M2M®); Magnet Manufacture; Assembly Manufacture,"First U.S. NdFeB sintered magnet manufacturer operating at commercial scale using primarily recycled feedstock (M2M® process). EcoFlux™ magnets in production since 2023. Active supply contracts with GM, ABB, and Nidec.","$293M+ raised total · $215M Series C (Jan 2026, led by OneIM)","CEO & Co-Founder: Scott Dunn | Technology: GBE® (Grain Boundary Engineering) + M2M® (Magnet-to-Magnet recycling); bypasses mining, separation, reduction stages | Current Capacity: Ramping toward ~2,000 MT/yr; San Marcos facility designed for up to 10,000 MT/yr long-term | Korea JV: MOU with Kangwon Energy for 2,000 MT/yr greenfield factory in South Korea; production target 2027 | DFARS Status: DFARS-compliant; DPA Title III award recipient; supply to F-35, missiles, Predator drones, nuclear submarines reported | Recycling claim: >95% of materials can be derived from recycled sources; CO₂ reduction of ~11 tons/ton vs. conventional route","[{""heading"": ""Commercial Contracts"", ""items"": [""General Motors \u2014 multi-year supply agreement; deliveries began July 2025"", ""ABB \u2014 100% of magnet parts for ABB's North American motor production facility by end of 2026; deliveries began Aug 2025"", ""Nidec Motor Corp. \u2014 5-year binding offtake, >1,000 total tons; applications incl. defense; deliveries began 2025"", ""Lynas Rare Earths \u2014 MOU for strategic supply chain partnership"", ""Solvay \u2014 supply agreement for REE oxide inputs (grain boundary enhancement)""]}]",Noveon's recycling-based model short-circuits the geopolitically sensitive upstream supply chain. It has the most advanced commercial customer roster of any U.S. magnet maker. Key risk: recycled feedstock availability and scale — the Solvay and Lynas partnerships indicate supplementation with virgin REO inputs.,Commercial,EOL Recycling; Alloy (M2M®); Magnet Mfr; Assembly,"~2,000",MT/yr NdFeB (ramping),Recycled feedstock via GBE® + M2M® process,"10,000",MT/yr NdFeB,San Marcos facility designed capacity; $215M Series C Jan 2026,2028+,2000,10000,#34d399
Energy Fuels Inc.,NYSE: UUUU,"Lakewood, CO / White Mesa Mill, UT",Founded 1987 (REE pivot 2021) · Public,Midstream,midstream,commercial pilot,"Separation (LREE — NdPr); Separation (HREE — Dy, Tb) → Commercial; REE Oxides (light); REE Oxides (Dy, Tb) → Commercial; Reduction / Re-metal (via ASM acq.)","White Mesa Mill (Utah) is the only U.S. facility commercially separating rare earth oxides, including the first-ever U.S. production of 99.9% purity dysprosium oxide (August 2025) and terbium oxide (March 2026). Commercial-scale Dy/Tb production targeted Q4 2026.",>$927M working capital · DoD contract support · ASM acquisition pending,"CEO: Ross Bhappu (since April 2026; former CEO Mark Chalmers retired) | White Mesa Mill: San Juan County, UT — only fully licensed conventional uranium mill in the U.S.; 4,000-acre site; REE separation via monazite co-processing since 2022 | Phase 1 Targets: 850–1,000 MT/yr NdPr oxide; 35 MT Dy/yr; 12 MT Tb/yr (from ~10,000 MT monazite/yr); targeting 2027 | Feedstock: Monazite from Chemours' Georgia mineral sands operations (domestic); evaluating additional sources | ASM Acquisition: Australian Strategic Materials (ASM) — Korean Metals Plant produces RE metals and alloys; acquisition close targeted June 2026 (FIRB approval pending) | Dy/Tb Milestone: Dy oxide qualified for permanent magnet use by major South Korean manufacturer (December 2025) | Pending eVAC/VAC Acquisition: Announced June 23, 2026: Energy Fuels agreed to acquire Vacuumschmelze (VAC), parent of eVAC Magnetics (Sumter, SC downstream magnet plant), from Ara Partners; expected close early 2027. Would combine Energy Fuels' HREE separation (White Mesa) with eVAC's NdFeB magnet manufacturing under one roof — Energy Fuels' first move downstream into finished magnets.",[],"Energy Fuels is uniquely positioned as the only U.S. commercial HREE oxide producer. Its ""repurposed uranium mill"" model gave it a multi-year head start. If ASM acquisition closes, it would be the first entity capable of oxide-to-metal in a combined US-Korea chain. Heavy REE Dy and Tb are the most geopolitically sensitive elements in the sector — China produces >90% of global supply. The pending VAC/eVAC acquisition, if it closes as planned in early 2027, would be the sector's first vertically integrated midstream-to-downstream combination.",Commercial / Pilot→Com,Separation (LREE); Separation (HREE); RE Oxides; Reduction (via ASM),~500,MT/yr NdPr oxide (est. current),"Only US commercial HREE oxide producer (Dy, Tb)","850–1,000",MT/yr NdPr + 35 MT Dy + 12 MT Tb,"Phase 1 from ~10,000 MT/yr monazite input; pending acquisition of VAC/eVAC (announced Jun 23, 2026) would add 12,000 MT/yr downstream magnet capacity",2027,500,1000,#34d399
"Vulcan Elements, Inc.",Private,"Research Triangle Park, NC (HQ) / Benson, NC (facility)",Founded ~2023 · Pre-production,Downstream,downstream,development,Magnet Manufacture (planned),"Planning a $918M NdFeB sintered magnet factory in Benson, NC (Johnston County) targeting 10,000 MT/yr and 1,000 jobs. Supplied by ReElement Technologies' domestically separated rare earth oxides from recycled feedstock. Groundbreaking expected 2026.",$620M DoD OSC loan (on track) · $50M CHIPS · $550M private capital,"Facility Specs: 1M sq ft; 10,000 MT/yr NdFeB; ~1,000 jobs; ~$918M total investment; ~30 miles from Fort Bragg/Liberty Army base | Feedstock Partner: ReElement Technologies (Indiana) — $1.4B supply agreement for domestically separated REO from recycled end-of-life magnets | Government Support: $620M DoD OSC loan (largest OSC loan ever made) — reportedly remains on track as of July 2026; $50M CHIPS Act; NC state and Johnston County incentives. (The OSC package's companion $80M loan to ReElement was dropped by ReElement in July 2026 — see ReElement card.) | Political Context: OSC loan reportedly facilitated by Peter Navarro; announced ~3 months after Trump Jr.'s reported personal investment; no legal action as of June 2026 | DFARS Target: Purpose-built domestic factory with domestic REE feedstock; intended for DFARS 252.225-7052 compliance | Timeline: Groundbreaking expected 2026; commercial production at scale likely 4–6 years minimum from financing announcement",[],"Vulcan is one of the highest-stakes bets in the sector — a 10,000 MT/yr factory would be transformative if built. But it is entirely pre-production, carries political controversy risk, and is structurally dependent on ReElement Technologies executing its own commercial ramp. The circular supply chain design (recycled feedstock via ReElement) is strategically appealing but also a feedstock constraint.",Development,Magnet Mfr (planned),0,MT/yr (pre-production),"Groundbreaking expected 2026; 1M sq ft Benson, NC facility","10,000",MT/yr NdFeB,"$620M DoD OSC loan (reportedly on track, July 2026); $1.4B ReElement supply agreement",2030+4–6 yrs post-finance,0,10000,#fb923c
ReElement Technologies Corp.,Parent: NASDAQ: AREC,"Noblesville, IN (ops) / Marion, IN (expansion)",Est. ~2021 · Private (AREC ~19% stake),Midstream,midstream,pilot,Separation → Commercial; REE Oxides → Commercial,"Proprietary chromatographic separation of rare earth oxides to 99.5–99.999% purity — described as the only company economically separating heavy REEs (Dy, Tb) in the U.S. via this method. Anchor $1.4B supply agreement with Vulcan Elements. Marion, IN expansion facility underway.",$200M Transition Equity · Mitsubishi Materials stake · $1.4B Vulcan supply agreement,"Technology: Chromatographic separation — resin-based, no kerosene, lower footprint than conventional solvent extraction; applicable to diverse low-grade feedstocks | Products: Nd, Pr, Dy, Tb, Sm, Gd, Y, Ga, Ge and other separated elements at 99.5–99.999% purity | Marion Facility: 400,000 sq ft expansion; funded by $200M Transition Equity Partners facility (closed Jan 5, 2026) + an undisclosed Mitsubishi Materials equity stake (reported June 2026); buildout targeted early-to-mid 2026 | Ownership: Transition Equity Partners (strategic equity ~$200M); Mitsubishi Materials Corp. (undisclosed stake); American Resources Corp (AREC, ~19% stake, one later source ~17%) | Feedstock: Electrified Materials / AREC (e-waste powder); Electronic Recyclers International (ERI); mine concentrates; diverse secondary streams | Heavy REE claim: Only company economically separating heavy REEs (Dy, Tb) in the U.S. using chromatographic method | DoD Loan — Correction: A conditional $80M DoD Office of Strategic Capital loan was proposed for ReElement in Nov. 2025 alongside Vulcan's $620M loan. It was never disbursed; Reuters reported July 10, 2026 that ReElement ended its pursuit of it, preferring equity financing (Transition Equity, Mitsubishi Materials). Vulcan's $620M loan reportedly remains on track.",[],"ReElement is structurally linked to Vulcan Elements — its fate depends heavily on Vulcan's build-out succeeding. The technology has institutional credibility ($200M Transition Equity + Mitsubishi Materials stake), and ReElement's CEO has stated a preference for equity over government debt following the dropped DoD OSC loan. Key risk: chromatographic separation at commodity-scale (400,000 sq ft) is unproven in the field. The recycled-feedstock model is a compounding long-term advantage as EV/wind scrap volumes grow post-2030.",Pilot → Commercial,Separation (chrom.); RE Oxides (99.5–99.999%),Undisclosed,,Noblesville pilot; first commercial revenues targeted 2026,Undisclosed,,"Marion, IN 400,000 sq ft expansion; $1.4B Vulcan supply agreement; $80M DoD OSC loan dropped by ReElement July 2026 (never disbursed) in favor of equity financing",2026+,0,0,#fbbf24
Arnold Magnetic Technologies,Subsidiary of NYSE: CODI,"Rochester, New York (US primary)",Founded 1895 · Private subsidiary (Compass Diversified),Downstream,downstream,commercial,Magnet Manufacture (NdFeB + SmCo); Assembly Manufacture,"One of the oldest magnet manufacturers in the world (130+ years). Produces NdFeB and SmCo permanent magnets and engineered assemblies for aerospace, defense, medical, and semiconductor markets. March 2026: mutual supply agreement with USA Rare Earth / LCM for ex-China feedstock.",Parent: Compass Diversified (NYSE: CODI) · No direct gov't grants identified · DFARS transition underway,"Founded: 1895 as Arnold Engineering Company, Rochester, NY — 130+ year operating history through every major magnet technology generation | Parent: Compass Diversified Holdings (NYSE: CODI) — niche industrial conglomerate; Arnold financials consolidated within CODI | Products: Sintered NdFeB (multiple grades); sintered SmCo (incl. high-temp grades); flexible magnets; Alnico; ceramic; custom engineered assemblies | International Facilities: UK, Switzerland, Thailand, China — breadth provides flexibility but creates DFARS segregation complexity | DFARS Transition: USA Rare Earth / LCM agreement provides ex-China alloy feedstock to supply Rochester lines; targeting DFARS compliance ahead of Jan 1, 2027 deadline | Certifications: ITAR-registered; AS9100 quality certified","[{""heading"": ""March 2026 Supply Partnership \u2014 USA Rare Earth / LCM"", ""items"": [""Arnold distributes USAR's NdFeB materials and finished magnets; USAR distributes Arnold's SmCo and NdFeB products"", ""LCM (UK) signed separate alloy supply agreement with Arnold \u2014 provides ex-China rare earth alloy for Rochester production lines"", ""Partnership creates complementary portfolio: Arnold's SmCo expertise + USAR's NdFeB magnet output""]}]","Arnold is the most commercially mature US-based NdFeB/SmCo maker in the peer group. Primary risk: DFARS transition — if LCM (UK) alloy doesn't qualify under DFARS ""covered country"" definitions, defense contracts face disruption. Its application engineering depth and OEM relationships are assets no new entrant can replicate quickly.",Commercial,Magnet Mfr (NdFeB); Magnet Mfr (SmCo); Assembly,Undisclosed,,Commercial scale; 130-year history; DFARS transition underway,Undisclosed,,USAR/LCM ex-China alloy supply agreement Mar 2026,2027DFARS deadline,999,999,#34d399
Electron Energy Corporation,Private (Tinicum PE),"Landisville, Pennsylvania",Founded 1970 · Majority owned by Magnetic Holdings / Tinicum PE (2024),Midstream; Downstream,midstream downstream,commercial commissioning,Alloy & Powder Manufacture; Magnet Manufacture — SmCo; Magnet Manufacture — NdFeB,Only remaining U.S. producer of samarium-cobalt (SmCo) permanent magnets and the only DFARS-compliant domestic SmCo supplier. Fully integrated from alloy to finished magnets. Doubled SmCo capacity in 2025. Adding NdFeB DFARS compliance targeting mid-2026.,Tinicum PE majority investment 2024 · Capacity doubled 2025 · Sole US DFARS-compliant SmCo source,"Founder: Dr. Marlin Walmer (1970); retained minority stake after Magnetic Holdings acquisition | PE Owner: Magnetic Holdings LLC / Tinicum Inc. (NY PE, >$2.4B committed capital) — majority stake acquired 2024; also owns Dexter Magnetic Technologies and Magnetic Component Engineering | SmCo Strategic Role: Only US SmCo producer; without EEC there is NO domestically compliant SmCo supply for DoD procurement — a singular national defense asset | SmCo Advantages: Higher operating temperature (to 350°C vs. 80–180°C for NdFeB); better demagnetization resistance; superior corrosion resistance — irreplaceable in aerospace, missiles, MRI, oil & gas | Certifications: ITAR-registered; AS9100D; ISO 9001:2015; DFARS 252.225-7052 (SmCo — current); NdFeB DFARS target mid-2026 | Workforce: Joined US Navy Talent Pipeline Program (Central PA Network) October 2025",[],"EEC's SmCo monopoly is both its greatest strength and greatest vulnerability. The 2024 Tinicum acquisition was structurally critical — it prevented potential closure and provided capital for 2025 capacity doubling. If EEC achieves NdFeB DFARS compliance by mid-2026, it would be the only US company dual-compliant in both magnet types before the Jan 2027 deadline.",Commercial / Commissioning,Alloy & Powder; Magnet Mfr (SmCo); Magnet Mfr (NdFeB),Undisclosed,,Only DFARS-compliant US SmCo producer; capacity doubled 2025,Undisclosed,,NdFeB DFARS compliance targeted mid-2026,2026NdFeB DFARS,998,998,#34d399
"Phoenix Tailings, Inc.","Private (BMW, Yamaha)","Burlington, MA (R&D) / Exeter, NH (production)",Founded ~2020 · Venture-backed,Midstream,midstream,pilot,Reduction / Re-metal,"Exeter, NH rare earth metallization facility opened October 2025 — one of the first standalone U.S. RE metal operations with zero reliance on Chinese inputs, equipment, or technology. Produces Nd, Pr, Dy, Tb metals at ~200 MT/yr; scalable to 1,000+ MT/yr. Backed by BMW and Yamaha Motor.","$76M Series B (incl. BMW, Yamaha Motor) · Government grant support · Zero Chinese inputs","CEO & Co-Founder: Nick Myers | Scientific Co-Founder: Prof. Antoine Allanore (MIT metallurgy) — emissions-free metallization process traces to his research | Technology: Emissions-free metallization — no hazardous byproducts or GHG at the reduction step; diverse feedstocks (mine concentrates, recycled NdFeB powder, coal ash, secondary sources) | Capacity: ~200 MT/yr currently; designed to scale to 1,000+ MT/yr — stated as sufficient to supply entire US defense industrial base's RE metal needs | Strategic Gap it Fills: Reduction/metallization step is performed almost entirely in China for global NdFeB supply chains; Phoenix addresses this specific vulnerability | Facility Opening: Opened October 23, 2025; originally planned July 2025 — delayed by equipment and permitting factors","[{""heading"": ""Supply Chain Position"", ""items"": [""Strategic RE metal supplier to Advanced Magnet Lab (AML) for DLA-contracted NdFeB magnet qualification"", ""Part of Phoenix Tailings \u2192 Momentum Technologies \u2192 AML triangle \u2014 an emerging China-free domestic supply chain"", ""BMW and Yamaha Motor investment = implied downstream automotive and industrial demand interest""]}]","Phoenix fills what may be the most overlooked vulnerability in the US supply chain — the oxide-to-metal step. Even with domestic mines and separators, metals production remained 100% China-dependent before Phoenix. The BMW/Yamaha investment is a strong validation signal. At 200 MT/yr it is currently small; the path to 1,000+ MT/yr requires additional capital and execution.",Pilot / Demo,Reduction / Re-metal,~200,"MT/yr RE metals (Nd, Pr, Dy, Tb)","Exeter, NH facility opened Oct 2025; zero Chinese inputs","1,000+",MT/yr RE metals,Stated as sufficient for entire US defense RE metals need,2026–27,200,1000,#fbbf24
Lynas Rare Earths — US Operations,Parent: ASX: LYC,"Hondo, TX (LREE) / Seadrift, TX (HREE — uncertain)","Parent HQ: Perth, Australia · Largest non-Chinese REE producer",Midstream,midstream,commissioning paused,"Separation — LREE (Hondo, TX); Separation — HREE (Seadrift, TX) ⚠","⚠ Hondo, TX light REE separation plant commissioning for FY2026. Seadrift, TX heavy REE plant faces significant uncertainty — as of July 2026, construction still looks ""unlikely to proceed"" without resolution of a wastewater discharge permit. Near-term DoD offtake needs were addressed separately via a March 2026 global-supply LOI that does not depend on Seadrift.",DoD support (both facilities) · Parent Lynas (ASX: LYC) · Mt. Weld mine feedstock (Australia),"CEO (parent): Amanda Lacaze — has been candid publicly about Seadrift's uncertain status | Hondo, TX — LREE: Designed for ~5,000 MT/yr NdPr and LREE products; feedstock from Mt. Weld/LAMP; FY2026 commissioning targets have slipped amid site-wide construction uncertainty | Seadrift, TX — HREE: 149-acre site (ex-Union Carbide); designed for ~2,500–3,000 MT/yr HREE (Dy, Tb, Ho) + 5,000 MT/yr LREE overlap; construction halted due to wastewater disposal permit delays | Seadrift Barrier: Dispute is over industrial/chemical wastewater (salts and acids from solvent-extraction separation), not radioactive material — per Lynas' official disclosures the feedstock is pre-processed in Australia/Malaysia and is not radioactive prior to US shipment. | March 2026 DoD LOI: Lynas USA signed a binding LOI (Mar 16, 2026) for a 4-year, ~$96M rare earth oxide supply agreement incl. a $110/kg NdPr price floor — structured to draw from Lynas' existing global operations (incl. the Malaysian LAMP facility, which stood up commercial HREE separation in 2025) rather than depend on Seadrift. | Strategic Significance: If Seadrift proceeds: only HREE separation facility in the Western Hemisphere. If it does not: critical gap in US domestic HREE separation capacity remains unresolved, even though near-term DoD supply is now covered via the global-ops LOI.",[],"The wastewater permit issue is the kind of regulatory problem that can kill rare earth projects in Western jurisdictions (see: Molycorp, Lynas/Malaysia). Requires either a technical solution or state/federal regulatory variance. ""America First"" political dynamics also add complexity for an Australian-owned US facility, even as Australia is a close allied nation.",Commissioning / Paused ⚠,Separation — LREE; Separation — HREE ⚠,0,MT/yr (pre-production),Hondo commissioning FY2026; Seadrift construction halted,"5,000",MT/yr NdPr (Hondo),"⚠ Seadrift (2,500–3,000 MT/yr HREE) still ""unlikely to proceed"" (Jul 2026); near-term DoD offtake instead covered by Mar 2026 ~$96M global-supply LOI",2026Hondo only,0,5000,#f87171
"Niron Magnetics, Inc. ⚠️ RE-Free",Private (ARPA-E),"Minneapolis, MN / Sartell, MN (facility)",Founded ~2012–2014 (U of Minnesota spinout) · No rare earths used,Downstream; ⚠ Rare Earth-FREE,downstream,development,Magnet Manufacture — Iron Nitride (FeN),"⚠ RARE EARTH-FREE technology. Iron nitride (Fe₁₆N₂) permanent magnets — no neodymium, dysprosium, or any rare earth element. Broke ground on 1,500 MT/yr facility in Sartell, MN in September 2025; operations targeted 2027. Second 10,000 MT/yr plant in site selection.",$17.5M ARPA-E SCALEUP · $10M MN Forward Fund · VC funding · No rare earths purchased,"CEO: Andy Blackwood | Scientific Founder: Prof. Jian-Ping Wang (University of Minnesota) — 10+ years of DoE-funded research on Fe₁₆N₂ at UMN | Sartell Facility: 190,000 sq ft; 1,500 MT/yr; 175 FTE jobs; groundbreaking Sept 2025; operations target early 2027 | Second Facility: 10,000 MT/yr target; $1.8B estimated investment; site selection underway | Government Funding: $17.5M ARPA-E SCALEUP; $10M MN Forward Fund (Oct 2025); $2M Greater MN Business Development Infrastructure grant; 10+ years prior DoE grants at UMN | Key Uncertainty: Whether Fe₁₆N₂ material properties (energy product, temperature stability) can be maintained at production scale — the challenge that has historically limited this material class",[],"From a US policy perspective, Niron represents an attractive hedge — a successful iron nitride alternative would reduce Chinese REE leverage entirely without a multi-decade, multi-billion-dollar domestic REE supply chain investment. Not an immediate threat to NdFeB producers (production is 2027+; scale performance unproven), but a technology to monitor closely.",Development,"Magnet Mfr (FeN, RE-free)",0,MT/yr (pre-production),Sartell groundbreaking Sept 2025; operations target early 2027,"1,500 → 10,000+",MT/yr (Phase 1 → Phase 2),"Second 10,000 MT/yr plant in site selection ($1.8B est.)",2027 / 2030+,0,1500,#fb923c
American Resources Corp. / Electrified Materials,NASDAQ: AREC,"Fishers, IN (HQ) / Noblesville, IN (EMCO facility)",Public (AREC) · Electrified Materials (EMCO) is majority-owned subsidiary,Upstream,upstream,pilot,End-of-Life Recycling (EMCO),"EMCO collects and mechanically pre-processes end-of-life electronics (hard drives, speakers, power tools) to extract rare earth-bearing magnet powder, which feeds ReElement Technologies for separation. RCRA-permitted since May 2025. Strategic pivot from coal complete.",$911K IDEM grant (recycling equip.) · RCRA permit May 2025 · ~19% stake in ReElement Technologies,"CEO: Mark Jensen — led AREC's strategic pivot from coal to critical minerals | EMCO Site: 135+ acres, Noblesville, IN; RCRA-permitted for rare earth magnet and Li-ion battery recycling since May 2025 | Process: Mechanical pre-processing: shredding, sorting, separating e-waste to extract RE-bearing magnet powder → feeds ReElement for chromatographic separation | Expansion: March 2026: expanded pre-processing capabilities to handle larger volumes; no specific MT figures disclosed | ReElement Stake: AREC holds ~19% of ReElement Technologies following $200M Transition Equity investment (diluted from majority owner) | ERI Partnership: Electronic Recyclers International (ERI) — one of the largest US electronic recyclers; provides e-waste feedstock to EMCO",[],"AREC/EMCO occupies the ""collection and pre-processing"" niche — structurally necessary but low value-add relative to ReElement (separation) and downstream magnet makers. Long-term thesis is credible: as EVs and consumer electronics age out post-2028, recoverable magnet scrap volumes will grow substantially. Question is whether AREC has the financial runway to reach that inflection.",Pilot,EOL Recycling (EMCO),Undisclosed,,RCRA-permitted May 2025; feeds ReElement for separation,Undisclosed,,Expanded pre-processing capacity Mar 2026; volumes not disclosed,2026+,0,0,#fbbf24
"US Strategic Metals, LLC",Private,"Fredericktown, Missouri (1,800-acre Madison mine site)",Private · Earliest-stage company in this dashboard,Upstream; Midstream,upstream midstream,development,End-of-Life Recycling (planned); Separation (announced),"MOU with Ionic Rare Earths (Australia, ASX: IXR) signed November 2025 to deploy Ionic's patented magnet recycling and REE separation technology at the 1,800-acre Madison mine complex in Fredericktown, MO. Pre-production; no disclosed financing or production timeline.",No financing disclosed · Ionic Rare Earths technology partner · MOU only stage,"Site: 1,800-acre Madison mine and processing complex, Fredericktown, MO — existing industrial site with substantial infrastructure | Technology Partner: Ionic Rare Earths (ASX: IXR, Australia) — brings patented hydrometallurgical REE recycling technology; up to 61% lower carbon vs. primary mining per peer-reviewed study | MOU Significance: Signed at Australian Embassy, Washington D.C. (November 10, 2025) — situated within US-Australia critical minerals bilateral framework | Planned Products: NdPr oxide; Dy oxide; Tb oxide; Sm, Gd, Ho oxides — all from recycled end-of-life magnet feedstock | Leadership: Not publicly identified as of June 2026 | Government Support: No direct US government grants or loans publicly announced",[],"Earliest-stage, lowest-profile company in the dashboard. Large site + credible technology partner + logical Missouri location, but entirely at MOU stage with no financing, no disclosed leadership, and no production timeline. Ionic's technology has been validated in the lab but never commercially deployed at scale anywhere. Watch for: MOU → binding JV agreement, financing announcement, or government support commitment.",Announced,EOL Recycling (planned); Separation (announced),0,MT/yr (MOU stage only),"No financing or timeline disclosed; 1,800-acre Madison mine site",Undisclosed,,"NdPr, Dy, Tb oxides from recycled feedstock via Ionic tech",TBD,0,0,#94a3b8
"Momentum Technologies, Inc.","Private (TechMet, Tailwater)","Dallas, TX (HQ) / Carrollton, TX (demo plant)",Founded ~2015–2017 · Venture-backed,Midstream,midstream,pilot,Separation (MSX®); REE Oxides (99.9%+ purity),"Proprietary Membrane Solvent Extraction (MSX®) technology, licensed in part from Oak Ridge National Laboratory. Commercial-scale processing of magnet swarf and mining tailings began October 2025 in Carrollton, TX. Targeting commercial revenues 2026. Two additional plants planned for 2027.",TechMet Ltd (DFC-backed) · Tailwater Capital · ORNL technology license · AML (DLA contract) as customer,"Technology: MSX® — membrane-based rare earth separation; replaces kerosene used in conventional solvent extraction; compact footprint; 99.9%+ purity output vs. typical 99.5% for conventional recycling | Feedstocks: NdFeB magnet swarf (manufacturing waste) and mining tailings — waste streams that otherwise have limited value or negative cost (disposal) | Products: High-purity Nd, Pr, Dy, and other RE materials for permanent magnets; targeting commercial revenue 2026 | Investors: TechMet Ltd (DFC-backed — US International Development Finance Corporation) + Tailwater Capital LLC (TX energy PE) | Expansion Plan: Two additional plants planned for 2027: one REE-focused, one battery materials; reflects broader critical minerals positioning | Government Linkage: CEO testified before Congress December 2025 on critical minerals processing; ORNL technology license = DoE institutional provenance; TechMet DFC backing = indirect US government support","[{""heading"": ""Defense Supply Chain Role"", ""items"": [""Advanced Magnet Lab (AML) \u2014 strategic RE materials supplier for AML's $2M DLA-contracted NdFeB magnet qualification"", ""Part of the Phoenix Tailings + Momentum + AML triangle \u2014 a China-free domestic defense supply chain"", ""ORNL technology roots support eligibility for future DoE grant programs""]}]",One of the more technically interesting midstream companies. The waste-stream feedstock model reduces mining dependence but also limits total throughput to available scrap volumes — potentially insufficient to reach multi-thousand MT/yr scale needed to matter nationally. The AML/DLA partnership is a genuine near-term revenue opportunity and defense validation.,Pilot → Commercial,Separation (MSX®); RE Oxides (99.9%+),Undisclosed,,Carrollton commercial-scale processing began Oct 2025,Undisclosed,,"+2 additional plants planned 2027 (one REE, one battery)",2026–27,0,0,#fbbf24
"REalloys, Inc.",NASDAQ: ALOY,"Texas / Euclid, OH (magnet facility) / Saskatchewan, Canada (upstream)",NASDAQ listing via reverse merger (2025–2026) · Development stage,Midstream; Downstream,midstream downstream,development,"Separation (Saskatoon, Canada); Alloy & Powder (planned); Magnet Manufacture (Euclid, OH)","Signed an MOU with JOGMEC (Japan Organization for Metals and Energy Security) in October 2025 — JOGMEC's first-ever U.S. rare earth partnership — for transfer of advanced Japanese magnet manufacturing and separation technology. Targeting 10,000 MT/yr NdFeB and SmCo magnet production beginning 2027.",JOGMEC MOU (Japanese gov't technology transfer) · NASDAQ: ALOY · Financing not disclosed,"JOGMEC MOU: Japan Organization for Metals and Energy Security — Japanese government's critical mineral security agency; first-ever JOGMEC partnership with a US rare earth company (signed Oct 22, 2025) | Technology Transfer: Advanced Japanese rare earth separation and NdFeB/SmCo magnet manufacturing technology — Japan (TDK, Shin-Etsu, Daido Steel) has been global magnet technology leader since 1980s | Production Target: 10,000 MT/yr NdFeB and SmCo magnets from Euclid, OH; production beginning 2027 (highly compressed timeline) | Upstream Assets: Mineral resources in Saskatchewan, Canada — REE-bearing geological formations; typical development timeline 7–10+ years from exploration to production | Markets: Defense (NdFeB + SmCo for radar, sonar, guidance, avionics) and semiconductor manufacturing equipment (SmCo for ion beam/e-beam systems) | Corporate History: Obtained NASDAQ listing via reverse merger with Blackboxstocks Inc. (BLBX); operates across US, Canada, and Japan",[],"REalloys' most important asset is the JOGMEC technology transfer MOU. If operationalized, access to Japanese NdFeB processes would be a genuine competitive advantage. Key risks: JOGMEC MOUs are non-binding, technology transfer from Japanese manufacturers is typically slow and controlled, and the path from MOU to operational factory by 2027 is extremely compressed. The reverse merger NASDAQ history and undisclosed financials warrant careful due diligence.",Development,"Separation (planned); Alloy & Powder (planned); Magnet Mfr (Euclid, OH)",0,MT/yr (pre-production),JOGMEC MOU Oct 2025; first-ever US–Japan RE partnership,"10,000",MT/yr NdFeB + SmCo,Japanese technology transfer; production target 2027 (compressed),2027Timeline optimistic,0,10000,#fb923c
"Advanced Magnet Lab, Inc. (AML)",Private (RMHC),"Melbourne, Florida",Founded 1995 · Private; RMHC portfolio stake,Downstream,downstream,pilot,Magnet Manufacture (PM-Wire™),"Proprietary PM-Wire™ process enables NdFeB magnets in unconventional geometries (curved, helical, ring shapes) not achievable with conventional sintered block production. Awarded $2M, 2-year Defense Logistics Agency (DLA) contract in May 2026 for NdFeB magnet qualification for defense.",$2M DLA contract (May 2026) · Suppliers: Phoenix Tailings + Momentum Technologies · Prior DoD grants,"Founder: Dr. Jinfang Liu — founded AML in 1995; inventor of key PM-Wire™ process elements; 30 years from R&D lab to defense manufacturer | PM-Wire™ Technology: Continuous process: magnet powder filled into shaped wire/tube form factor and consolidated — enables curved, helical, ring geometries impossible with conventional pressing. Originally developed for particle accelerator magnets. | DLA Contract: $2M, 2-year Defense Logistics Agency contract (May 2026) for qualification of domestic high-grade sintered NdFeB PM-Wire™ magnets (grades N48SH, N35EH) for defense; covers supply chain management, alloying, manufacturing | DFARS Positioning: Supply chain (Phoenix Tailings US metals → AML magnets) uses US-produced RE metals — positioned for DFARS 252.225-7052 compliance; no Chinese content | Suppliers: Phoenix Tailings (Exeter, NH) — Nd, Pr, Dy, Tb metals; Momentum Technologies (Carrollton, TX) — high-purity REE materials; Ionic Rare Earths — recycled RE products | Also Developing: SmFeN, MnBi, anisotropic bonded NdFeB, and Mischmetal-Nd magnets","[{""heading"": ""Defense Applications (PM-Wire\u2122 geometry advantages)"", ""items"": [""Compact ring magnets for missile guidance seeker heads"", ""Curved magnets for gun-launched projectile sensors"", ""Axially magnetized rings for UAV rotor assemblies and precision actuators"", ""Helical forms for space-constrained defense assemblies""]}]","AML is the smallest company in the dashboard, but its DLA contract and unique PM-Wire™ geometry capability occupy a niche — complex-geometry defense magnets with a fully China-free supply chain — that larger producers (MP, USAR, eVAC) do not directly address. The supply chain it has assembled (Phoenix + Momentum + AML) is one of the most explicitly China-free in the sector.",Pilot,Magnet Mfr (PM-Wire™),Undisclosed,,$2M DLA contract May 2026; specialty geometry NdFeB for defense,Undisclosed,,Qualification phase; scale-up follows DLA contract completion,2027+,0,0,#fbbf24
